{
  "25mm": [
    "cadian shock troops",
    "catachan jungle fighters",
    "death korps of krieg",
    "tempestus scions",
    "solar auxilia lasrifle section",
    "traitor guardsmen squad",
    "chaos cultists",
    "accursed cultists",
    "hive scum",
    "brood scum",
    "arco-flagellants",
    "autosavant",
    "skitarii rangers",
    "skitarii vanguard",
    "secutarii hoplites",
    "secutarii peltasts",
    "ratlings",
    "servitors",
    "technoarcheologist servitors",
    "breacher servitors",
    "gun servitors",
    "tech-thralls",
    "tech-thralls certus",
    "servo-automata",
    "corv",
    "e-cog",
    "servo-skulls",
    "tome-skulls",
    "teleport homer",
    "cherubim",
    "cyber-mastiff",
    "blue horrors",
    "brimstone horrors",
    "nurglings",
    "poxwalkers",
    "vox-shamblers",
    "daemonettes",
    "daemonhosts",
    "gretchin",
    "grot oilers",
    "grot orderlies",
    "ammo runts",
    "attack squigs",
    "bomb squigs",
    "neurogaunts",
    "spore mines",
    "neuroloids",
    "genestealer familiars",
    "fire warriors strike team",
    "breacher team",
    "pathfinder team",
    "tactical drones",
    "jokaero weaponsmith",
    "watchers in the dark"
  ],
  "28mm": [
    "sisters repentia",
    "sisters novitiate squad",
    "scout squad",
    "primaris neophytes",
    "kasrkin",
    "tempestus aquilons",
    "adeptus arbites exaction squad",
    "navis gunners",
    "navis endurants",
    "cenobyte servitors",
    "hearthkyn warriors",
    "cthonian berserks",
    "ironkin assistants",
    "ironhead squat prospectors",
    "jakhals",
    "guardian defenders",
    "storm guardians",
    "howling banshees",
    "dark reapers",
    "dire avengers",
    "striking scorpions",
    "fire dragons",
    "warp spiders",
    "rangers",
    "corsair reavers",
    "voidscarred corsairs",
    "incubi",
    "mandrakes",
    "flayed ones",
    "canoptek plasmacyte",
    "termagants",
    "hormagaunts",
    "neurogaunt nodebeast",
    "kroot carnivores",
    "kroot hounds",
    "vespid stingwings"
  ],
  "32mm": [
    "battle sisters squad",
    "sisters of silence prosecutors",
    "sisters of silence vigilators",
    "sisters of silence witchseekers",
    "inquisitor",
    "tech-priest enginseer",
    "corpuscarii electro-priests",
    "fulgurite electro-priests",
    "brôkhyr iron-master",
    "einhyr hearthguard",
    "intercessor squad",
    "assault intercessor squad",
    "hellblaster squad",
    "reiver squad",
    "infiltrator squad",
    "incursor squad",
    "desolation squad",
    "infernus squad",
    "chaos space marines",
    "khorne berzerkers",
    "rubric marines",
    "plague marines",
    "bloodletters",
    "pink horrors",
    "plaguebearers",
    "swooping hawks",
    "windriders",
    "reavers",
    "scourges",
    "painboy",
    "mek",
    "boss nob",
    "ork boyz",
    "genestealers",
    "gargoyles",
    "acolyte hybrids",
    "aberrants",
    "necron warriors",
    "immortals",
    "deathmarks",
    "tomb blades",
    "stealth battlesuits",
    "kroot shaper"
  ],
  "40mm": [
    "ogryn squad",
    "bullgryn squad",
    "terminator squad",
    "saint celestine",
    "sicarian ruststalkers",
    "pteraxii skystalkers",
    "pteraxii sterylizors",
    "archmagos",
    "thallax",
    "ambot",
    "primaris captain",
    "primaris lieutenant",
    "bladeguard veteran squad",
    "custodian guard",
    "allarus custodians",
    "chaos lord",
    "master of possession",
    "possessed",
    "havocs",
    "warboss",
    "big mek",
    "weirdboy",
    "raveners",
    "zoanthropes",
    "venomthropes",
    "parasite of mortrex",
    "ripper swarms",
    "necron overlord",
    "chronomancer",
    "c'tan shard",
    "ethereal",
    "fenrisian wolves"
  ],
  "50mm": [
    "heavy weapons squad",
    "tech-priest dominus",
    "tech-priest manipulus",
    "centurion assault squad",
    "centurion devastator squad",
    "marneus calgar",
    "aquilon custodians",
    "penitent engine",
    "paragon warsuits",
    "chaos spawn",
    "obliterators",
    "lord of contagion",
    "warboss in mega armour",
    "beastboss",
    "skorpekh destroyers",
    "canoptek wraiths",
    "winged tyranid prime",
    "neurotyrant",
    "tyranid warriors",
    "patriarch",
    "hive guard",
    "lictor",
    "xv8 crisis battlesuits",
    "krootox riders"
  ],
  "65mm": [
    "kastelan robots",
    "kataphron breachers",
    "kataphron destroyers",
    "morvenn vahl",
    "contemptor dreadnought",
    "thunderwolf cavalry",
    "helbrute",
    "daemon prince",
    "abaddon the despoiler",
    "wraithlord",
    "wave serpent",
    "talos",
    "deff dread",
    "killa kans",
    "hive tyrant",
    "carnifexes",
    "deathleaper",
    "ghost ark",
    "doomsday ark",
    "devilfish",
    "hammerhead gunship",
    "broadside battlesuits"
  ],
  "80mm": [
    "armoured sentinel",
    "leviathan dreadnought",
    "lord solar leontus",
    "myphitic blight-hauler",
    "vashtorr the arkifane",
    "avatar of khaine",
    "the yncarne",
    "ghazghkull thraka",
    "illuminor szeras",
    "c'tan shard of the void dragon",
    "biovores",
    "pyrovores"
  ],
  "90mm": [
    "redemptor dreadnought",
    "brutalis dreadnought",
    "ballistus dreadnought",
    "invictor tactical warsuit",
    "canoptek doomstalker",
    "c'tan shard of the nightbringer",
    "screamer-killer"
  ],
  "100mm": [
    "field ordnance battery",
    "armiger warglaive",
    "armiger helverin",
    "repulsor",
    "gladiator lancer",
    "telemon heavy dreadnought",
    "lord of change",
    "keeper of secrets",
    "skarbrand",
    "be'lakor",
    "war dog brigand",
    "norn emissary",
    "sporocyst",
    "szarekh, the silent king"
  ],
  "127mm": [
    "barbed hierodule",
    "scythed hierodule"
  ],
  "130mm": [
    "onager dunecrawler",
    "great unclean one",
    "rotigus",
    "bloodthirster"
  ],
  "160mm": [
    "astraeus",
    "orion assault dropship",
    "monolith",
    "ta'unar supremacy armour",
    "tiger shark"
  ]
}
